"","diff","lwr","upr","p.adj"
"12_6_19-11_22_19",-42.8471742079901,-143.831704386687,58.1373559707069,0.635142141438213
"2_12_20-11_22_19",-50.6989962948447,-156.612465074568,55.2144724848784,0.543076780394359
"2_24_20-11_22_19",-43.8753714781127,-149.788840257836,62.0380973016104,0.652118045177495
"2_12_20-12_6_19",-7.85182208685461,-113.765290866578,98.0616466928685,0.996625957555998
"2_24_20-12_6_19",-1.02819727012258,-106.941666049846,104.885271509601,0.999992279589124
"2_24_20-2_12_20",6.82362481673204,-103.799385459135,117.446635092599,0.998044964852231
